Chr	Start	End	Ref	Alt	Func.refGene	Gene.refGene	GeneDetail.refGene	ExonicFunc.refGene	AAChange.refGene	cytoBand	genomicSuperDups	esp6500siv2_all	1000g2015aug_all	1000g2015aug_eur	ExAC_ALL	ExAC_AFR	ExAC_AMR	ExAC_EAS	ExAC_FIN	ExAC_NFE	ExAC_OTH	ExAC_SAS	avsnp150	SIFT_score	SIFT_pred	Polyphen2_HDIV_score	Polyphen2_HDIV_pred	Polyphen2_HVAR_score	Polyphen2_HVAR_pred	LRT_score	LRT_pred	MutationTaster_score	MutationTaster_pred	MutationAssessor_score	MutationAssessor_pred	FATHMM_score	FATHMM_pred	PROVEAN_score	PROVEAN_pred	VEST3_score	CADD_raw	CADD_phred	DANN_score	fathmm-MKL_coding_score	fathmm-MKL_coding_pred	MetaSVM_score	MetaSVM_pred	MetaLR_score	MetaLR_pred	integrated_fitCons_score	integrated_confidence_value	GERP++_RS	phyloP7way_vertebrate	phyloP20way_mammalian	phastCons7way_vertebrate	phastCons20way_mammalian	SiPhy_29way_logOdds	cosmic70	CLNALLELEID	CLNDN	CLNDISDB	CLNREVSTAT	CLNSIG	Otherinfo
22	19142729	19142729	G	A	exonic	ESS2	.	nonsynonymous SNV	ESS2:NM_022719:exon2:c.C301T:p.P101S	22q11.21	.	.	.	.	8.325e-06	0	0	0	0	1.511e-05	0	0	rs774706476	0.118	T	0.972	D	0.815	P	0.000	D	1	D	1.645	L	1.95	T	-0.58	N	0.488	3.293	22.8	0.999	0.987	D	-1.092	T	0.080	T	0.707	0	3.98	0.917	1.048	0.945	0.842	15.856	.	.	.	.	.	.	.	1.0	36	22	19142729	.	G	A	1.0	.	NORMAL_Rep1.DP4=19,17,0,0;NORMAL_Rep2.DP4=10,5,0,0;NORMAL_Rep3.DP4=19,20,0,0;TUMOR_Rep1.DP4=8,10,1,1;TUMOR_Rep2.DP4=14,13,3,3;TUMOR_Rep3.DP4=15,12,0,0;
22	20065629	20065629	C	T	UTR3	TANGO2	NM_001283179:c.*967C>T;NM_001283106:c.*967C>T;NM_001322163:c.*967C>T;NM_001322174:c.*967C>T;NM_001322150:c.*967C>T;NM_001322148:c.*967C>T;NM_001322147:c.*967C>T;NM_001283215:c.*1065C>T;NM_001283199:c.*967C>T;NM_001322153:c.*967C>T;NM_001322149:c.*967C>T;NM_001283186:c.*967C>T;NM_001283235:c.*967C>T;NM_001283248:c.*1134C>T;NM_001283154:c.*1037C>T;NM_001283148:c.*1037C>T;NM_001283129:c.*967C>T;NM_001283116:c.*967C>T;NM_001322144:c.*1037C>T;NM_001322142:c.*967C>T;NM_001322141:c.*967C>T;NM_001322169:c.*1037C>T;NM_001322173:c.*967C>T;NM_001322146:c.*967C>T;NM_001322167:c.*967C>T;NM_001322166:c.*967C>T;NM_001322155:c.*967C>T;NM_001322145:c.*967C>T;NM_001322143:c.*967C>T;NM_001322160:c.*1037C>T;NM_001322175:c.*967C>T;NM_001322172:c.*967C>T;NM_001322171:c.*967C>T;NM_152906:c.*967C>T	.	.	22q11.21	.	.	.	.	.	.	.	.	.	.	.	.	.	.	.	.	.	.	.	.	.	.	.	.	.	.	.	.	.	.	.	.	.	.	.	.	.	.	.	.	.	.	.	.	.	.	.	.	.	.	.	.	.	.	1.0	15	22	20065629	.	C	T	1.0	.	NORMAL_Rep1.DP4=9,6,0,0;NORMAL_Rep2.DP4=11,12,0,0;NORMAL_Rep3.DP4=11,12,0,0;TUMOR_Rep1.DP4=0,0,6,7;TUMOR_Rep2.DP4=0,0,5,4;TUMOR_Rep3.DP4=0,0,3,6;
22	21762879	21762879	G	A	UTR3	MAPK1	NM_002745:c.*1371C>T	.	.	22q11.22	.	.	.	.	.	.	.	.	.	.	.	.	.	.	.	.	.	.	.	.	.	.	.	.	.	.	.	.	.	.	.	.	.	.	.	.	.	.	.	.	.	.	.	.	.	.	.	.	.	.	.	.	.	.	1.0	100	22	21762879	.	G	A	1.0	.	NORMAL_Rep1.DP4=60,40,0,0;NORMAL_Rep2.DP4=59,37,0,0;NORMAL_Rep3.DP4=63,44,0,0;TUMOR_Rep1.DP4=44,35,4,2;TUMOR_Rep2.DP4=59,47,0,0;TUMOR_Rep3.DP4=51,29,0,0;
22	23894778	23894778	G	C	exonic	MIF	.	nonsynonymous SNV	MIF:NM_002415:exon2:c.G115C:p.A39P	22q11.23	.	.	.	.	.	.	.	.	.	.	.	.	.	0.008	D	0.998	D	0.968	D	0.000	D	1	D	2.445	M	.	.	-3.41	D	0.9	6.975	33	0.997	0.994	D	-0.229	T	0.407	T	0.442	0	4.83	0.897	0.994	0.998	0.997	17.358	.	.	.	.	.	.	.	1.0	1846	22	23894778	.	G	C	1.0	.	NORMAL_Rep1.DP4=953,893,0,0;NORMAL_Rep2.DP4=982,936,0,0;NORMAL_Rep3.DP4=958,937,0,0;TUMOR_Rep1.DP4=841,794,0,0;TUMOR_Rep2.DP4=893,842,0,0;TUMOR_Rep3.DP4=845,824,5,0;
22	23895100	23895100	C	T	exonic	MIF	.	synonymous SNV	MIF:NM_002415:exon3:c.C342T:p.F114F	22q11.23	.	.	.	.	.	.	.	.	.	.	.	.	.	.	.	.	.	.	.	.	.	.	.	.	.	.	.	.	.	.	.	.	.	.	.	.	.	.	.	.	.	.	.	.	.	.	.	.	.	.	.	.	.	.	1.0	1766	22	23895100	.	C	T	1.0	.	NORMAL_Rep1.DP4=816,950,0,0;NORMAL_Rep2.DP4=865,1012,0,0;NORMAL_Rep3.DP4=836,958,0,0;TUMOR_Rep1.DP4=856,827,0,1;TUMOR_Rep2.DP4=923,890,0,0;TUMOR_Rep3.DP4=968,930,1,4;
22	24541206	24541206	G	T	UTR3	GUCD1	NM_001284251:c.*1800C>A;NM_001284257:c.*1867C>A;NM_001284255:c.*1800C>A;NM_001284254:c.*1800C>A;NM_001284253:c.*1800C>A;NM_001284252:c.*1800C>A;NM_031444:c.*1800C>A;NM_001284256:c.*1867C>A	.	.	22q11.23	.	.	.	.	.	.	.	.	.	.	.	.	.	.	.	.	.	.	.	.	.	.	.	.	.	.	.	.	.	.	.	.	.	.	.	.	.	.	.	.	.	.	.	.	.	.	.	.	.	.	.	.	.	.	1.0	109	22	24541206	.	G	T	1.0	.	NORMAL_Rep1.DP4=66,43,0,0;NORMAL_Rep2.DP4=61,49,0,0;NORMAL_Rep3.DP4=65,51,0,0;TUMOR_Rep1.DP4=87,60,0,0;TUMOR_Rep2.DP4=74,52,0,0;TUMOR_Rep3.DP4=75,65,3,3;
22	24571943	24571943	T	C	exonic	SNRPD3	.	nonsynonymous SNV	SNRPD3:NM_001278656:exon4:c.T347C:p.M116T,SNRPD3:NM_004175:exon4:c.T347C:p.M116T	22q11.23	.	.	.	.	.	.	.	.	.	.	.	.	.	0.703	T	0.0	B	0.0	B	0.000	D	1	D	0.69	N	1.03	T	0.05	N	0.565	1.500	13.31	0.842	0.940	D	-1.086	T	0.068	T	0.707	0	4.96	0.991	1.061	0.999	1.000	11.272	.	.	.	.	.	.	.	1.0	149	22	24571943	.	T	C	1.0	.	NORMAL_Rep1.DP4=57,92,0,0;NORMAL_Rep2.DP4=76,82,0,0;NORMAL_Rep3.DP4=70,83,0,0;TUMOR_Rep1.DP4=98,117,0,1;TUMOR_Rep2.DP4=129,107,0,6;TUMOR_Rep3.DP4=111,101,0,4;
22	24573814	24573814	A	G	UTR3	SNRPD3	NM_001278656:c.*1837A>G;NM_004175:c.*1837A>G	.	.	22q11.23	.	.	.	.	.	.	.	.	.	.	.	.	.	.	.	.	.	.	.	.	.	.	.	.	.	.	.	.	.	.	.	.	.	.	.	.	.	.	.	.	.	.	.	.	.	.	.	.	.	.	.	.	.	.	1.0	3	22	24573814	.	A	G	1.0	.	NORMAL_Rep1.DP4=1,2,0,0;NORMAL_Rep2.DP4=1,0,0,0;NORMAL_Rep3.DP4=1,2,0,0;TUMOR_Rep1.DP4=15,16,1,0;TUMOR_Rep2.DP4=16,18,1,1;TUMOR_Rep3.DP4=15,20,3,4;
22	26492074	26492074	A	G	exonic	TFIP11	.	nonsynonymous SNV	TFIP11:NM_001346862:exon13:c.T2360C:p.V787A,TFIP11:NM_001346859:exon15:c.T2453C:p.V818A,TFIP11:NM_001346861:exon15:c.T2453C:p.V818A,TFIP11:NM_012143:exon15:c.T2453C:p.V818A,TFIP11:NM_001008697:exon16:c.T2453C:p.V818A,TFIP11:NM_001346857:exon16:c.T2453C:p.V818A,TFIP11:NM_001346858:exon16:c.T2453C:p.V818A	22q12.1	.	.	.	.	.	.	.	.	.	.	.	.	.	0.009	D	0.993	D	0.967	D	0.000	D	1	D	1.9	L	0.74	T	-1.27	N	0.87	4.151	23.8	0.996	0.973	D	-0.742	T	0.254	T	0.672	0	5.54	1.062	1.199	0.997	0.996	15.016	.	.	.	.	.	.	.	1.0	42	22	26492074	.	A	G	1.0	.	NORMAL_Rep1.DP4=27,15,0,0;NORMAL_Rep2.DP4=31,21,0,0;NORMAL_Rep3.DP4=28,16,0,0;TUMOR_Rep1.DP4=71,52,0,0;TUMOR_Rep2.DP4=65,44,0,0;TUMOR_Rep3.DP4=57,33,4,3;
22	26540810	26540810	G	T	exonic	TPST2	.	nonsynonymous SNV	TPST2:NM_001362922:exon2:c.C821A:p.P274H,TPST2:NM_001008566:exon3:c.C821A:p.P274H,TPST2:NM_003595:exon3:c.C821A:p.P274H,TPST2:NM_001362923:exon4:c.C983A:p.P328H	22q12.1	.	.	.	.	.	.	.	.	.	.	.	.	.	0.003	D	0.985	D	0.774	P	0.000	D	1	D	2.215	M	0.95	T	-4.16	D	0.264	3.955	23.6	0.994	0.992	D	-0.728	T	0.192	T	0.707	0	4.18	0.917	1.048	0.980	0.664	12.802	.	.	.	.	.	.	.	1.0	32	22	26540810	.	G	T	1.0	.	NORMAL_Rep1.DP4=15,17,0,0;NORMAL_Rep2.DP4=13,9,0,0;NORMAL_Rep3.DP4=15,7,0,0;TUMOR_Rep1.DP4=23,19,4,9;TUMOR_Rep2.DP4=20,18,2,5;TUMOR_Rep3.DP4=25,18,5,5;
22	28795025	28795025	G	T	UTR3	XBP1	NM_001079539:c.*150C>A;NM_005080:c.*521C>A	.	.	22q12.1	.	.	.	.	.	.	.	.	.	.	.	.	.	.	.	.	.	.	.	.	.	.	.	.	.	.	.	.	.	.	.	.	.	.	.	.	.	.	.	.	.	.	.	.	.	.	.	.	.	.	.	.	.	.	1.0	144	22	28795025	.	G	T	1.0	.	NORMAL_Rep1.DP4=102,42,0,0;NORMAL_Rep2.DP4=104,51,0,0;NORMAL_Rep3.DP4=104,49,0,0;TUMOR_Rep1.DP4=462,283,0,2;TUMOR_Rep2.DP4=477,273,0,5;TUMOR_Rep3.DP4=458,260,0,1;
22	28795141	28795141	G	A	UTR3	XBP1	NM_001079539:c.*34C>T;NM_005080:c.*405C>T	.	.	22q12.1	.	.	.	.	.	.	.	.	.	.	.	.	.	.	.	.	.	.	.	.	.	.	.	.	.	.	.	.	.	.	.	.	.	.	.	.	.	.	.	.	.	.	.	.	.	.	.	.	.	.	.	.	.	.	1.0	292	22	28795141	.	G	A	1.0	.	NORMAL_Rep1.DP4=170,122,0,0;NORMAL_Rep2.DP4=159,108,0,0;NORMAL_Rep3.DP4=151,103,0,0;TUMOR_Rep1.DP4=749,538,1,1;TUMOR_Rep2.DP4=722,552,2,3;TUMOR_Rep3.DP4=787,539,1,1;
22	28795202	28795202	T	G	exonic	XBP1	.	nonsynonymous SNV	XBP1:NM_001079539:exon6:c.A1104C:p.E368D	22q12.1	.	.	.	.	.	.	.	.	.	.	.	.	.	0.164	T	1.0	D	0.996	D	0.000	D	1	D	.	.	.	.	-0.87	N	0.476	1.591	13.80	0.999	0.981	D	-0.014	T	0.463	T	0.672	0	5.99	0.991	1.061	0.999	1.000	15.670	.	.	.	.	.	.	.	1.0	329	22	28795202	.	T	G	1.0	.	NORMAL_Rep1.DP4=192,137,0,0;NORMAL_Rep2.DP4=172,134,0,0;NORMAL_Rep3.DP4=172,129,0,0;TUMOR_Rep1.DP4=800,581,7,0;TUMOR_Rep2.DP4=782,592,2,1;TUMOR_Rep3.DP4=858,638,2,1;
22	28795233	28795233	T	G	exonic	XBP1	.	nonsynonymous SNV	XBP1:NM_001079539:exon6:c.A1073C:p.N358T	22q12.1	.	.	.	.	.	.	.	.	.	.	.	.	.	0.015	D	0.066	B	0.068	B	0.000	D	1	D	.	.	.	.	-0.67	N	0.031	1.385	12.71	0.986	0.969	D	-0.951	T	0.109	T	0.722	0	4.8	0.079	1.011	0.772	0.921	11.967	.	.	.	.	.	.	.	1.0	316	22	28795233	.	T	G	1.0	.	NORMAL_Rep1.DP4=177,139,0,0;NORMAL_Rep2.DP4=162,140,0,0;NORMAL_Rep3.DP4=155,158,0,0;TUMOR_Rep1.DP4=687,610,2,3;TUMOR_Rep2.DP4=680,613,0,0;TUMOR_Rep3.DP4=725,652,1,2;
22	28795653	28795653	A	G	exonic	XBP1	.	nonsynonymous SNV	XBP1:NM_005080:exon5:c.T679C:p.W227R,XBP1:NM_001079539:exon6:c.T653C:p.L218P	22q12.1	.	.	.	.	.	.	.	.	.	.	.	.	.	0.057	T	0.012	B	0.011	B	0.185	N	0.999	D	.	.	.	.	0.23	N	0.291	1.561	13.64	0.912	0.838	D	-1.037	T	0.074	T	0.722	0	5.77	1.062	1.199	0.990	0.997	9.718	.	.	.	.	.	.	.	1.0	285	22	28795653	.	A	G	1.0	.	NORMAL_Rep1.DP4=167,118,0,0;NORMAL_Rep2.DP4=126,115,0,0;NORMAL_Rep3.DP4=160,137,0,0;TUMOR_Rep1.DP4=569,507,1,0;TUMOR_Rep2.DP4=574,553,4,2;TUMOR_Rep3.DP4=619,534,0,0;
22	28797091	28797091	C	T	exonic	XBP1	.	nonsynonymous SNV	XBP1:NM_001079539:exon3:c.G439A:p.E147K,XBP1:NM_005080:exon3:c.G439A:p.E147K	22q12.1	.	.	.	.	.	.	.	.	.	.	.	.	.	0.386	T	0.651	P	0.165	B	0.000	D	1.000	D	1.63	L	.	.	-1.13	N	0.387	5.290	25.7	0.996	0.926	D	-0.910	T	0.160	T	0.722	0	5.87	0.871	0.935	0.818	0.828	19.570	.	.	.	.	.	.	.	1.0	124	22	28797091	.	C	T	1.0	.	NORMAL_Rep1.DP4=90,34,0,0;NORMAL_Rep2.DP4=67,31,0,0;NORMAL_Rep3.DP4=70,40,0,0;TUMOR_Rep1.DP4=428,213,4,1;TUMOR_Rep2.DP4=429,213,0,0;TUMOR_Rep3.DP4=444,206,1,0;
22	29141977	29141977	G	A	exonic	KREMEN1	.	synonymous SNV	KREMEN1:NM_001039570:exon9:c.G1242A:p.R414R,KREMEN1:NM_032045:exon9:c.G1293A:p.R431R	22q12.1	.	0.0008	0.0081869	.	0.0078	0.0016	0.0412	0.0419	0.0003	0.0002	0.0057	0.0035	rs16987147	.	.	.	.	.	.	.	.	.	.	.	.	.	.	.	.	.	.	.	.	.	.	.	.	.	.	.	.	.	.	.	.	.	.	.	729128	not_provided	MedGen:CN517202	criteria_provided,_single_submitter	Benign	.	1.0	14	22	29141977	.	G	A	1.0	.	NORMAL_Rep1.DP4=10,4,0,0;NORMAL_Rep2.DP4=8,6,0,0;NORMAL_Rep3.DP4=10,10,0,0;TUMOR_Rep1.DP4=10,6,5,9;TUMOR_Rep2.DP4=8,10,2,3;TUMOR_Rep3.DP4=3,3,4,9;
22	30008005	30008005	G	C	exonic	MTMR3	.	nonsynonymous SNV	MTMR3:NM_021090:exon11:c.G982C:p.A328P,MTMR3:NM_153050:exon11:c.G982C:p.A328P,MTMR3:NM_153051:exon11:c.G982C:p.A328P	22q12.2	.	.	.	.	.	.	.	.	.	.	.	.	.	0.002	D	1.0	D	1.0	D	0.000	D	1	D	3.435	M	-3.88	D	-4.66	D	0.914	6.509	31	0.998	0.995	D	1.086	D	0.948	D	0.732	0	5.77	0.917	1.048	1.000	1.000	18.981	.	.	.	.	.	.	.	1.0	17	22	30008005	.	G	C	1.0	.	NORMAL_Rep1.DP4=7,10,0,0;NORMAL_Rep2.DP4=2,10,0,0;NORMAL_Rep3.DP4=4,8,0,0;TUMOR_Rep1.DP4=33,47,3,3;TUMOR_Rep2.DP4=23,31,0,0;TUMOR_Rep3.DP4=26,31,0,0;
22	30422293	30422293	C	T	exonic	SEC14L2	.	synonymous SNV	SEC14L2:NM_001204204:exon10:c.C849T:p.D283D,SEC14L2:NM_001291932:exon11:c.C936T:p.D312D,SEC14L2:NM_012429:exon12:c.C1098T:p.D366D	22q12.2	.	.	.	.	.	.	.	.	.	.	.	.	.	.	.	.	.	.	.	.	.	.	.	.	.	.	.	.	.	.	.	.	.	.	.	.	.	.	.	.	.	.	.	.	.	.	.	.	.	.	.	.	.	.	1.0	8	22	30422293	.	C	T	1.0	.	NORMAL_Rep1.DP4=4,4,0,0;NORMAL_Rep2.DP4=3,3,0,0;NORMAL_Rep3.DP4=1,2,0,0;TUMOR_Rep1.DP4=43,40,0,0;TUMOR_Rep2.DP4=43,45,3,3;TUMOR_Rep3.DP4=39,40,0,1;
22	31433900	31433900	C	A	exonic	DRG1	.	nonsynonymous SNV	DRG1:NM_004147:exon9:c.C1033A:p.H345N	22q12.2	.	.	.	.	.	.	.	.	.	.	.	.	.	0.001	D	0.993	D	0.976	D	0.000	D	1	D	4.385	H	2.08	T	-6.65	D	0.598	6.992	33	0.990	0.955	D	-0.147	T	0.267	T	0.672	0	5.29	0.871	0.935	0.998	0.999	16.453	.	.	.	.	.	.	.	1.0	75	22	31433900	.	C	A	1.0	.	NORMAL_Rep1.DP4=39,36,0,0;NORMAL_Rep2.DP4=54,47,0,0;NORMAL_Rep3.DP4=49,48,0,0;TUMOR_Rep1.DP4=142,124,0,0;TUMOR_Rep2.DP4=138,103,3,2;TUMOR_Rep3.DP4=134,127,0,0;
22	31628543	31628543	T	C	intronic	PISD	.	.	.	22q12.2	.	.	.	.	.	.	.	.	.	.	.	.	.	.	.	.	.	.	.	.	.	.	.	.	.	.	.	.	.	.	.	.	.	.	.	.	.	.	.	.	.	.	.	.	.	.	.	.	.	.	.	.	.	.	1.0	1	22	31628543	.	T	C	1.0	.	NORMAL_Rep1.DP4=1,0,0,0;NORMAL_Rep2.DP4=0,0,0,0;NORMAL_Rep3.DP4=3,2,0,0;TUMOR_Rep1.DP4=2,0,0,0;TUMOR_Rep2.DP4=2,0,0,0;TUMOR_Rep3.DP4=0,0,3,3;
22	32395200	32395200	G	C	exonic	RTCB	.	synonymous SNV	RTCB:NM_014306:exon9:c.C1005G:p.V335V	22q12.3	.	.	.	.	.	.	.	.	.	.	.	.	.	.	.	.	.	.	.	.	.	.	.	.	.	.	.	.	.	.	.	.	.	.	.	.	.	.	.	.	.	.	.	.	.	.	.	.	.	.	.	.	.	.	1.0	317	22	32395200	.	G	C	1.0	.	NORMAL_Rep1.DP4=190,127,0,0;NORMAL_Rep2.DP4=144,113,0,0;NORMAL_Rep3.DP4=183,123,0,0;TUMOR_Rep1.DP4=149,131,28,16;TUMOR_Rep2.DP4=149,125,39,26;TUMOR_Rep3.DP4=162,125,26,14;
22	32489057	32489057	G	A	intronic	FBXO7	.	.	.	22q12.3	.	.	0.00539137	0.0199	.	.	.	.	.	.	.	.	rs62241255	.	.	.	.	.	.	.	.	.	.	.	.	.	.	.	.	.	.	.	.	.	.	.	.	.	.	.	.	.	.	.	.	.	.	.	.	.	.	.	.	.	1.0	0	22	32489057	.	G	A	1.0	.	NORMAL_Rep1.DP4=0,0,0,0;NORMAL_Rep2.DP4=2,1,0,0;NORMAL_Rep3.DP4=0,1,0,0;TUMOR_Rep1.DP4=0,0,2,2;TUMOR_Rep2.DP4=0,0,1,2;TUMOR_Rep3.DP4=0,0,3,5;
22	36285685	36285685	G	A	exonic	MYH9	.	synonymous SNV	MYH9:NM_002473:exon37:c.C5247T:p.N1749N	22q12.3	.	0.0002	.	.	4.173e-05	0.0003	0	0	0	3.022e-05	0	0	rs146848144	.	.	.	.	.	.	.	.	.	.	.	.	.	.	.	.	.	.	.	.	.	.	.	.	.	.	.	.	.	.	.	.	.	.	.	257624	not_specified	MedGen:CN169374	criteria_provided,_single_submitter	Likely_benign	.	1.0	635	22	36285685	.	G	A	1.0	.	NORMAL_Rep1.DP4=367,268,0,0;NORMAL_Rep2.DP4=390,299,0,0;NORMAL_Rep3.DP4=373,279,0,0;TUMOR_Rep1.DP4=234,167,1,1;TUMOR_Rep2.DP4=270,197,0,0;TUMOR_Rep3.DP4=248,198,3,3;
22	36298950	36298950	G	A	exonic	MYH9	.	synonymous SNV	MYH9:NM_002473:exon24:c.C3069T:p.N1023N	22q12.3	.	.	.	.	8.238e-06	0	0	0	0	1.499e-05	0	0	rs774926384	.	.	.	.	.	.	.	.	.	.	.	.	.	.	.	.	.	.	.	.	.	.	.	.	.	.	.	.	.	.	.	.	.	.	.	.	.	.	.	.	.	1.0	644	22	36298950	.	G	A	1.0	.	NORMAL_Rep1.DP4=357,287,0,0;NORMAL_Rep2.DP4=371,286,0,0;NORMAL_Rep3.DP4=354,281,0,0;TUMOR_Rep1.DP4=286,208,1,2;TUMOR_Rep2.DP4=281,198,3,3;TUMOR_Rep3.DP4=321,240,3,2;
22	36306518	36306518	T	G	exonic	MYH9	.	nonsynonymous SNV	MYH9:NM_002473:exon16:c.A1933C:p.T645P	22q12.3	.	.	.	.	.	.	.	.	.	.	.	.	.	0.0	D	1.0	D	0.998	D	0.000	D	1	D	4.825	H	-2.67	D	-5.9	D	0.973	6.230	28.8	0.997	0.960	D	1.099	D	0.928	D	0.672	0	5.41	0.991	1.061	0.676	0.742	15.729	.	.	.	.	.	.	.	1.0	656	22	36306518	.	T	G	1.0	.	NORMAL_Rep1.DP4=365,291,0,0;NORMAL_Rep2.DP4=317,259,0,0;NORMAL_Rep3.DP4=303,245,0,0;TUMOR_Rep1.DP4=223,155,0,0;TUMOR_Rep2.DP4=195,158,2,3;TUMOR_Rep3.DP4=186,143,0,0;
22	36318316	36318316	T	A	exonic	MYH9	.	nonsynonymous SNV	MYH9:NM_002473:exon11:c.A1118T:p.K373M	22q12.3	.	.	.	.	.	.	.	.	.	.	.	.	.	0.0	D	1.0	D	0.995	D	0.000	D	1	D	2.65	M	-2.37	D	-5.34	D	0.828	6.719	32	0.996	0.962	D	0.833	D	0.820	D	0.722	0	4.96	0.991	1.061	0.998	1.000	14.661	ID=COSM402270;OCCURENCE=1(lung)	.	.	.	.	.	.	1.0	681	22	36318316	.	T	A	1.0	.	NORMAL_Rep1.DP4=368,313,0,0;NORMAL_Rep2.DP4=382,333,0,0;NORMAL_Rep3.DP4=384,299,0,0;TUMOR_Rep1.DP4=300,236,3,2;TUMOR_Rep2.DP4=295,247,1,1;TUMOR_Rep3.DP4=301,247,1,1;
22	36511566	36511566	C	G	exonic	EIF3D	.	nonsynonymous SNV	EIF3D:NM_003753:exon14:c.G1570C:p.D524H	22q12.3	.	.	.	.	.	.	.	.	.	.	.	.	.	0.025	D	0.964	D	0.79	P	0.000	D	1	D	1.24	L	.	.	-3.15	D	0.763	4.894	24.9	0.995	0.992	D	-0.619	T	0.280	T	0.646	0	5.98	0.871	0.892	1.000	0.996	20.437	.	.	.	.	.	.	.	1.0	504	22	36511566	.	C	G	1.0	.	NORMAL_Rep1.DP4=303,201,0,0;NORMAL_Rep2.DP4=310,223,0,0;NORMAL_Rep3.DP4=313,213,0,0;TUMOR_Rep1.DP4=397,263,0,0;TUMOR_Rep2.DP4=428,266,0,0;TUMOR_Rep3.DP4=426,276,2,3;
22	36517930	36517930	T	C	intronic	EIF3D	.	.	.	22q12.3	.	.	.	.	.	.	.	.	.	.	.	.	.	.	.	.	.	.	.	.	.	.	.	.	.	.	.	.	.	.	.	.	.	.	.	.	.	.	.	.	.	.	.	.	.	.	.	.	.	.	.	.	.	.	1.0	3	22	36517930	.	T	C	1.0	.	NORMAL_Rep1.DP4=1,2,0,0;NORMAL_Rep2.DP4=0,0,0,0;NORMAL_Rep3.DP4=1,1,0,0;TUMOR_Rep1.DP4=2,1,3,2;TUMOR_Rep2.DP4=2,0,2,1;TUMOR_Rep3.DP4=1,1,0,0;
22	36518790	36518790	A	G	exonic	EIF3D	.	nonsynonymous SNV	EIF3D:NM_003753:exon9:c.T832C:p.F278L	22q12.3	.	.	.	.	.	.	.	.	.	.	.	.	.	0.225	T	0.737	P	0.454	P	0.000	D	1	D	1.1	L	.	.	-3.48	D	0.899	3.720	23.3	0.996	0.984	D	-0.904	T	0.183	T	0.672	0	6.07	1.062	1.199	1.000	1.000	16.641	.	.	.	.	.	.	.	1.0	892	22	36518790	.	A	G	1.0	.	NORMAL_Rep1.DP4=506,386,0,0;NORMAL_Rep2.DP4=452,380,0,0;NORMAL_Rep3.DP4=476,403,0,0;TUMOR_Rep1.DP4=649,519,3,3;TUMOR_Rep2.DP4=670,585,0,0;TUMOR_Rep3.DP4=656,543,1,0;
22	37631021	37631021	C	G	exonic	GGA1	.	nonsynonymous SNV	GGA1:NM_001001560:exon12:c.C1189G:p.P397A,GGA1:NM_001172687:exon14:c.C1438G:p.P480A,GGA1:NM_001363771:exon14:c.C1501G:p.P501A,GGA1:NM_013365:exon14:c.C1450G:p.P484A,GGA1:NM_001172688:exon15:c.C1231G:p.P411A	22q13.1	.	.	.	.	.	.	.	.	.	.	.	.	.	0.338	T	0.007	B	0.002	B	0.184	N	1	N	0.49	N	2.48	T	-0.61	N	0.132	-0.146	1.414	0.782	0.070	N	-0.986	T	0.034	T	0.707	0	3.0	0.871	0.919	0.430	0.027	7.968	ID=COSM32792;OCCURENCE=1(breast)	.	.	.	.	.	.	1.0	29	22	37631021	.	C	G	1.0	.	NORMAL_Rep1.DP4=14,15,0,0;NORMAL_Rep2.DP4=16,19,0,0;NORMAL_Rep3.DP4=15,15,0,0;TUMOR_Rep1.DP4=10,9,8,10;TUMOR_Rep2.DP4=14,19,3,7;TUMOR_Rep3.DP4=9,10,8,6;
22	37677025	37677025	T	C	exonic	LGALS1	.	nonsynonymous SNV	LGALS1:NM_002305:exon2:c.T49C:p.C17R	22q13.1	.	.	.	.	.	.	.	.	.	.	.	.	.	0.195	T	0.01	B	0.052	B	0.002	N	1	D	0.55	N	3.52	T	-4.18	D	0.551	2.305	18.20	0.981	0.125	N	-0.934	T	0.012	T	0.726	0	4.33	0.991	1.061	0.089	0.999	8.386	.	.	.	.	.	.	.	1.0	3372	22	37677025	.	T	C	1.0	.	NORMAL_Rep1.DP4=1800,1572,0,0;NORMAL_Rep2.DP4=1830,1540,0,0;NORMAL_Rep3.DP4=1841,1607,0,0;TUMOR_Rep1.DP4=3648,3193,0,1;TUMOR_Rep2.DP4=3997,3448,5,1;TUMOR_Rep3.DP4=3894,3442,3,0;
22	37677026	37677026	G	C	exonic	LGALS1	.	nonsynonymous SNV	LGALS1:NM_002305:exon2:c.G50C:p.C17S	22q13.1	.	.	.	.	.	.	.	.	.	.	.	.	.	0.242	T	0.028	B	0.063	B	0.002	N	0.996	D	0.63	N	3.66	T	-2.62	D	0.18	1.694	14.38	0.980	0.176	N	-0.986	T	0.009	T	0.726	0	3.21	0.917	1.048	0.073	0.999	8.924	.	.	.	.	.	.	.	1.0	3411	22	37677026	.	G	C	1.0	.	NORMAL_Rep1.DP4=1825,1586,0,0;NORMAL_Rep2.DP4=1857,1561,0,0;NORMAL_Rep3.DP4=1869,1626,0,0;TUMOR_Rep1.DP4=3671,3235,0,0;TUMOR_Rep2.DP4=4033,3481,3,2;TUMOR_Rep3.DP4=3920,3480,0,0;
22	37678475	37678475	C	T	intronic	LGALS1	.	.	.	22q13.1	.	.	.	.	.	.	.	.	.	.	.	.	.	.	.	.	.	.	.	.	.	.	.	.	.	.	.	.	.	.	.	.	.	.	.	.	.	.	.	.	.	.	.	.	.	.	.	.	.	.	.	.	.	.	1.0	7	22	37678475	.	C	T	1.0	.	NORMAL_Rep1.DP4=2,5,0,0;NORMAL_Rep2.DP4=11,13,0,0;NORMAL_Rep3.DP4=8,13,0,0;TUMOR_Rep1.DP4=41,36,2,3;TUMOR_Rep2.DP4=43,31,1,1;TUMOR_Rep3.DP4=50,50,0,0;
22	37678515	37678515	A	G	exonic	LGALS1	.	nonsynonymous SNV	LGALS1:NM_002305:exon3:c.A122G:p.N41S	22q13.1	.	.	.	.	.	.	.	.	.	.	.	.	.	0.028	D	0.967	D	0.868	P	0.000	D	1.000	D	1.92	M	3.42	T	-2.52	D	0.138	3.223	22.7	0.999	0.644	D	-1.202	T	0.047	T	0.644	0	5.39	1.062	1.183	0.986	1.000	14.526	.	.	.	.	.	.	.	1.0	3150	22	37678515	.	A	G	1.0	.	NORMAL_Rep1.DP4=1432,1718,0,0;NORMAL_Rep2.DP4=1480,1739,0,0;NORMAL_Rep3.DP4=1514,1848,0,0;TUMOR_Rep1.DP4=2861,3406,0,1;TUMOR_Rep2.DP4=2989,3551,2,4;TUMOR_Rep3.DP4=2961,3598,1,4;
22	37678539	37678539	G	A	exonic	LGALS1	.	nonsynonymous SNV	LGALS1:NM_002305:exon3:c.G146A:p.R49H	22q13.1	.	.	.	.	4.202e-05	9.876e-05	0	0	0	6.155e-05	0	0	rs111700736	0.0	D	0.99	D	0.799	P	0.000	D	1	D	3.195	M	-0.86	T	-4.8	D	0.957	6.153	28.5	0.999	0.910	D	0.407	D	0.616	D	0.644	0	5.69	0.917	1.035	0.790	0.970	18.380	ID=COSM1034028;OCCURENCE=1(endometrium)	.	.	.	.	.	.	1.0	2882	22	37678539	.	G	A	1.0	.	NORMAL_Rep1.DP4=1270,1612,0,0;NORMAL_Rep2.DP4=1277,1617,0,0;NORMAL_Rep3.DP4=1324,1685,0,0;TUMOR_Rep1.DP4=2497,3058,0,0;TUMOR_Rep2.DP4=2521,3128,3,2;TUMOR_Rep3.DP4=2492,3175,0,1;
22	37678559	37678559	G	A	exonic	LGALS1	.	nonsynonymous SNV	LGALS1:NM_002305:exon3:c.G166A:p.A56T	22q13.1	.	.	.	.	.	.	.	.	.	.	.	.	rs917018512	0.826	T	0.0	B	0.001	B	0.753	N	1	N	-1.24	N	3.46	T	0.79	N	0.007	0.788	9.390	0.935	0.054	N	-0.869	T	0.005	T	0.644	0	-7.91	0.069	0.090	0.406	0.737	10.318	.	.	.	.	.	.	.	1.0	2607	22	37678559	.	G	A	1.0	.	NORMAL_Rep1.DP4=1193,1414,0,0;NORMAL_Rep2.DP4=1263,1451,0,0;NORMAL_Rep3.DP4=1258,1484,0,0;TUMOR_Rep1.DP4=2335,2669,0,1;TUMOR_Rep2.DP4=2412,2741,1,2;TUMOR_Rep3.DP4=2317,2828,1,4;
22	37678642	37678642	A	G	exonic	LGALS1	.	synonymous SNV	LGALS1:NM_002305:exon3:c.A249G:p.G83G	22q13.1	.	.	.	.	.	.	.	.	.	.	.	.	.	.	.	.	.	.	.	.	.	.	.	.	.	.	.	.	.	.	.	.	.	.	.	.	.	.	.	.	.	.	.	.	.	.	.	.	.	.	.	.	.	.	1.0	2785	22	37678642	.	A	G	1.0	.	NORMAL_Rep1.DP4=1464,1321,0,0;NORMAL_Rep2.DP4=1592,1339,0,0;NORMAL_Rep3.DP4=1619,1408,0,0;TUMOR_Rep1.DP4=2818,2486,3,0;TUMOR_Rep2.DP4=2881,2542,0,0;TUMOR_Rep3.DP4=2819,2565,3,3;
22	37679638	37679638	C	T	exonic	LGALS1	.	synonymous SNV	LGALS1:NM_002305:exon4:c.C297T:p.V99V	22q13.1	.	.	.	.	.	.	.	.	.	.	.	.	.	.	.	.	.	.	.	.	.	.	.	.	.	.	.	.	.	.	.	.	.	.	.	.	.	.	.	.	.	.	.	.	.	.	.	.	.	.	.	.	.	.	1.0	3401	22	37679638	.	C	T	1.0	.	NORMAL_Rep1.DP4=1828,1573,0,0;NORMAL_Rep2.DP4=2010,1619,0,0;NORMAL_Rep3.DP4=1924,1617,0,0;TUMOR_Rep1.DP4=3727,2785,3,2;TUMOR_Rep2.DP4=3823,2868,1,0;TUMOR_Rep3.DP4=3763,2850,1,2;
22	37679639	37679639	A	G	exonic	LGALS1	.	nonsynonymous SNV	LGALS1:NM_002305:exon4:c.A298G:p.K100E	22q13.1	.	.	.	.	.	.	.	.	.	.	.	.	.	0.007	D	0.08	B	0.308	B	0.005	N	1.000	D	2.24	M	3.44	T	-2.4	N	0.376	3.120	22.6	0.996	0.854	D	-1.141	T	0.037	T	0.706	0	3.92	1.062	0.181	0.928	0.802	12.737	.	.	.	.	.	.	.	1.0	3392	22	37679639	.	A	G	1.0	.	NORMAL_Rep1.DP4=1819,1573,0,0;NORMAL_Rep2.DP4=2008,1627,0,0;NORMAL_Rep3.DP4=1901,1620,0,0;TUMOR_Rep1.DP4=3708,2794,0,0;TUMOR_Rep2.DP4=3798,2870,0,0;TUMOR_Rep3.DP4=3737,2851,3,2;
22	37679668	37679668	C	T	exonic	LGALS1	.	synonymous SNV	LGALS1:NM_002305:exon4:c.C327T:p.F109F	22q13.1	.	.	.	.	8.272e-06	0	0	0	0	1.507e-05	0	0	rs748046945	.	.	.	.	.	.	.	.	.	.	.	.	.	.	.	.	.	.	.	.	.	.	.	.	.	.	.	.	.	.	.	.	.	.	.	.	.	.	.	.	.	1.0	3910	22	37679668	.	C	T	1.0	.	NORMAL_Rep1.DP4=1724,2186,0,0;NORMAL_Rep2.DP4=1899,2314,0,0;NORMAL_Rep3.DP4=1802,2280,0,0;TUMOR_Rep1.DP4=3586,4156,0,0;TUMOR_Rep2.DP4=3700,4168,2,0;TUMOR_Rep3.DP4=3663,4185,2,3;
22	37679699	37679699	T	C	exonic	LGALS1	.	nonsynonymous SNV	LGALS1:NM_002305:exon4:c.T358C:p.Y120H	22q13.1	.	.	.	.	.	.	.	.	.	.	.	.	.	0.073	T	0.023	B	0.153	B	0.000	D	1.000	D	1.71	L	3.43	T	-3.31	D	0.645	4.633	24.5	0.993	0.967	D	-1.069	T	0.028	T	0.706	0	6.08	0.991	1.049	0.998	0.983	15.468	.	.	.	.	.	.	.	1.0	3113	22	37679699	.	T	C	1.0	.	NORMAL_Rep1.DP4=1333,1780,0,0;NORMAL_Rep2.DP4=1471,1941,0,0;NORMAL_Rep3.DP4=1382,1891,0,0;TUMOR_Rep1.DP4=2876,3422,2,1;TUMOR_Rep2.DP4=2977,3404,2,1;TUMOR_Rep3.DP4=2920,3423,3,2;
22	37679717	37679717	G	A	exonic	LGALS1	.	nonsynonymous SNV	LGALS1:NM_002305:exon4:c.G376A:p.D126N	22q13.1	.	.	.	.	.	.	.	.	.	.	.	.	.	0.093	T	0.994	D	0.945	D	0.000	N	1.000	D	2.25	M	2.98	T	-2.77	D	0.115	6.076	28.1	0.999	0.911	D	-1.145	T	0.070	T	0.706	0	4.02	0.917	1.048	0.995	0.994	10.107	.	.	.	.	.	.	.	1.0	2762	22	37679717	.	G	A	1.0	.	NORMAL_Rep1.DP4=1159,1603,0,0;NORMAL_Rep2.DP4=1265,1728,0,0;NORMAL_Rep3.DP4=1164,1698,0,0;TUMOR_Rep1.DP4=2558,3070,2,1;TUMOR_Rep2.DP4=2667,3041,2,1;TUMOR_Rep3.DP4=2616,3050,3,2;
22	37679737	37679737	G	T	exonic	LGALS1	.	synonymous SNV	LGALS1:NM_002305:exon4:c.G396T:p.V132V	22q13.1	.	.	.	.	.	.	.	.	.	.	.	.	.	.	.	.	.	.	.	.	.	.	.	.	.	.	.	.	.	.	.	.	.	.	.	.	.	.	.	.	.	.	.	.	.	.	.	.	.	.	.	.	.	.	1.0	2432	22	37679737	.	G	T	1.0	.	NORMAL_Rep1.DP4=991,1441,0,0;NORMAL_Rep2.DP4=1108,1559,0,0;NORMAL_Rep3.DP4=1001,1507,0,0;TUMOR_Rep1.DP4=2238,2738,0,2;TUMOR_Rep2.DP4=2311,2750,1,1;TUMOR_Rep3.DP4=2307,2772,3,2;
22	37679777	37679777	A	G	UTR3	LGALS1	NM_002305:c.*28A>G	.	.	22q13.1	.	.	.	.	.	.	.	.	.	.	.	.	.	.	.	.	.	.	.	.	.	.	.	.	.	.	.	.	.	.	.	.	.	.	.	.	.	.	.	.	.	.	.	.	.	.	.	.	.	.	.	.	.	.	1.0	1173	22	37679777	.	A	G	1.0	.	NORMAL_Rep1.DP4=321,852,0,0;NORMAL_Rep2.DP4=367,935,0,0;NORMAL_Rep3.DP4=313,922,0,0;TUMOR_Rep1.DP4=802,1777,0,0;TUMOR_Rep2.DP4=856,1712,2,3;TUMOR_Rep3.DP4=855,1806,0,0;
22	37862993	37862993	T	G	exonic	EIF3L	.	nonsynonymous SNV	EIF3L:NM_001363785:exon5:c.T166G:p.F56V,EIF3L:NM_016091:exon6:c.T460G:p.F154V	22q13.1	.	.	.	.	.	.	.	.	.	.	.	.	.	0.14	T	0.93	P	0.625	P	0.000	D	1	D	1.595	L	1.11	T	-4.28	D	0.909	3.736	23.3	0.989	0.952	D	-0.846	T	0.149	T	0.707	0	4.91	0.991	1.011	1.000	1.000	14.849	.	.	.	.	.	.	.	1.0	675	22	37862993	.	T	G	1.0	.	NORMAL_Rep1.DP4=352,323,0,0;NORMAL_Rep2.DP4=363,368,0,0;NORMAL_Rep3.DP4=361,323,0,0;TUMOR_Rep1.DP4=618,544,1,1;TUMOR_Rep2.DP4=586,523,0,0;TUMOR_Rep3.DP4=577,554,2,3;
22	37948303	37948303	A	G	intronic	C22orf23	.	.	.	22q13.1	.	.	.	.	.	.	.	.	.	.	.	.	.	.	.	.	.	.	.	.	.	.	.	.	.	.	.	.	.	.	.	.	.	.	.	.	.	.	.	.	.	.	.	.	.	.	.	.	.	.	.	.	.	.	1.0	2	22	37948303	.	A	G	1.0	.	NORMAL_Rep1.DP4=2,0,0,0;NORMAL_Rep2.DP4=0,1,0,0;NORMAL_Rep3.DP4=1,0,0,0;TUMOR_Rep1.DP4=11,8,0,1;TUMOR_Rep2.DP4=13,15,0,1;TUMOR_Rep3.DP4=12,13,2,4;
22	38291714	38291714	T	C	UTR3	CSNK1E;TPTEP2-CSNK1E	NM_001894:c.*257A>G;NM_152221:c.*257A>G;NM_001289912:c.*257A>G	.	.	22q13.1	.	.	.	.	.	.	.	.	.	.	.	.	.	.	.	.	.	.	.	.	.	.	.	.	.	.	.	.	.	.	.	.	.	.	.	.	.	.	.	.	.	.	.	.	.	.	.	.	.	.	.	.	.	.	1.0	29	22	38291714	.	T	C	1.0	.	NORMAL_Rep1.DP4=17,12,0,0;NORMAL_Rep2.DP4=13,15,0,0;NORMAL_Rep3.DP4=20,17,0,0;TUMOR_Rep1.DP4=57,40,3,2;TUMOR_Rep2.DP4=63,43,2,1;TUMOR_Rep3.DP4=63,51,0,0;
22	38367331	38367331	G	C	ncRNA_intronic	TPTEP2	.	.	.	22q13.1	Score=0.963033;Name=chr21:10540302	.	0.000998403	0.001	.	.	.	.	.	.	.	.	rs536419449	.	.	.	.	.	.	.	.	.	.	.	.	.	.	.	.	.	.	.	.	.	.	.	.	.	.	.	.	.	.	.	.	.	.	.	.	.	.	.	.	.	1.0	4	22	38367331	.	G	C	1.0	.	NORMAL_Rep1.DP4=2,2,0,0;NORMAL_Rep2.DP4=1,1,0,0;NORMAL_Rep3.DP4=4,4,0,0;TUMOR_Rep1.DP4=0,0,4,0;TUMOR_Rep2.DP4=0,0,8,3;TUMOR_Rep3.DP4=0,0,10,4;
22	38483522	38483522	G	A	UTR3	DDX17	NM_001098504:c.*2413C>T;NM_006386:c.*2413C>T	.	.	22q13.1	.	.	.	.	.	.	.	.	.	.	.	.	.	.	.	.	.	.	.	.	.	.	.	.	.	.	.	.	.	.	.	.	.	.	.	.	.	.	.	.	.	.	.	.	.	.	.	.	.	.	.	.	.	.	1.0	153	22	38483522	.	G	A	1.0	.	NORMAL_Rep1.DP4=105,48,0,0;NORMAL_Rep2.DP4=110,55,0,0;NORMAL_Rep3.DP4=94,52,0,0;TUMOR_Rep1.DP4=131,84,1,0;TUMOR_Rep2.DP4=146,91,3,3;TUMOR_Rep3.DP4=160,93,1,3;
22	38485146	38485146	G	A	UTR3	DDX17	NM_001098504:c.*789C>T;NM_006386:c.*789C>T	.	.	22q13.1	.	.	.	.	.	.	.	.	.	.	.	.	.	.	.	.	.	.	.	.	.	.	.	.	.	.	.	.	.	.	.	.	.	.	.	.	.	.	.	.	.	.	.	.	.	.	.	.	.	.	.	.	.	.	1.0	256	22	38485146	.	G	A	1.0	.	NORMAL_Rep1.DP4=133,123,0,0;NORMAL_Rep2.DP4=109,100,0,0;NORMAL_Rep3.DP4=133,121,0,0;TUMOR_Rep1.DP4=162,154,0,0;TUMOR_Rep2.DP4=174,164,0,1;TUMOR_Rep3.DP4=177,155,2,3;
22	38485324	38485324	G	A	UTR3	DDX17	NM_001098504:c.*611C>T;NM_006386:c.*611C>T	.	.	22q13.1	.	.	.	.	.	.	.	.	.	.	.	.	.	.	.	.	.	.	.	.	.	.	.	.	.	.	.	.	.	.	.	.	.	.	.	.	.	.	.	.	.	.	.	.	.	.	.	.	.	.	.	.	.	.	1.0	208	22	38485324	.	G	A	1.0	.	NORMAL_Rep1.DP4=128,80,0,0;NORMAL_Rep2.DP4=125,90,0,0;NORMAL_Rep3.DP4=121,91,0,0;TUMOR_Rep1.DP4=176,94,0,1;TUMOR_Rep2.DP4=183,118,0,2;TUMOR_Rep3.DP4=193,117,0,5;
22	38733414	38733414	C	A	UTR3	GTPBP1	NM_004286:c.*2710C>A	.	.	22q13.1	.	.	.	.	.	.	.	.	.	.	.	.	.	.	.	.	.	.	.	.	.	.	.	.	.	.	.	.	.	.	.	.	.	.	.	.	.	.	.	.	.	.	.	.	.	.	.	.	.	.	.	.	.	.	1.0	72	22	38733414	.	C	A	1.0	.	NORMAL_Rep1.DP4=36,36,0,0;NORMAL_Rep2.DP4=37,38,0,0;NORMAL_Rep3.DP4=33,37,0,0;TUMOR_Rep1.DP4=18,15,3,6;TUMOR_Rep2.DP4=15,9,2,4;TUMOR_Rep3.DP4=20,19,4,5;
22	38862340	38862340	C	T	UTR3	CBX6	NM_001303494:c.*3869G>A;NM_014292:c.*3869G>A	.	.	22q13.1	.	.	.	.	.	.	.	.	.	.	.	.	.	.	.	.	.	.	.	.	.	.	.	.	.	.	.	.	.	.	.	.	.	.	.	.	.	.	.	.	.	.	.	.	.	.	.	.	.	.	.	.	.	.	1.0	110	22	38862340	.	C	T	1.0	.	NORMAL_Rep1.DP4=52,58,0,0;NORMAL_Rep2.DP4=56,56,0,0;NORMAL_Rep3.DP4=61,60,0,0;TUMOR_Rep1.DP4=44,44,11,9;TUMOR_Rep2.DP4=36,46,10,7;TUMOR_Rep3.DP4=36,51,8,10;
22	39318466	39318466	T	A	exonic	RPL3	.	nonsynonymous SNV	RPL3:NM_000967:exon2:c.A130T:p.T44S,RPL3:NM_001033853:exon2:c.A130T:p.T44S	22q13.1	.	.	.	.	.	.	.	.	.	.	.	.	.	0.001	D	0.841	P	0.601	P	0.000	D	1	D	3.565	H	0.9	T	-3.55	D	0.55	3.430	23.0	0.996	0.992	D	-0.310	T	0.261	T	0.628	0	4.5	0.991	0.957	1.000	1.000	13.822	.	.	.	.	.	.	.	1.0	5335	22	39318466	.	T	A	1.0	.	NORMAL_Rep1.DP4=2556,2779,0,0;NORMAL_Rep2.DP4=2487,2769,0,0;NORMAL_Rep3.DP4=2564,2810,0,0;TUMOR_Rep1.DP4=1834,1892,0,0;TUMOR_Rep2.DP4=1870,1969,3,2;TUMOR_Rep3.DP4=1850,1900,1,0;
22	39515582	39515582	G	C	UTR3	MIEF1	NM_001304564:c.*209G>C;NM_019008:c.*1259G>C	.	.	22q13.1	.	.	.	.	.	.	.	.	.	.	.	.	.	.	.	.	.	.	.	.	.	.	.	.	.	.	.	.	.	.	.	.	.	.	.	.	.	.	.	.	.	.	.	.	.	.	.	.	.	.	.	.	.	.	1.0	22	22	39515582	.	G	C	1.0	.	NORMAL_Rep1.DP4=15,7,0,0;NORMAL_Rep2.DP4=19,17,0,0;NORMAL_Rep3.DP4=17,14,0,0;TUMOR_Rep1.DP4=15,9,0,0;TUMOR_Rep2.DP4=24,12,3,3;TUMOR_Rep3.DP4=25,15,0,0;
22	39520689	39520689	T	C	UTR5	ATF4	NM_001675:c.-757T>C;NM_182810:c.-757T>C	.	.	22q13.1	Score=0.967674;Name=chr17:76225664	.	.	.	.	.	.	.	.	.	.	.	.	.	.	.	.	.	.	.	.	.	.	.	.	.	.	.	.	.	.	.	.	.	.	.	.	.	.	.	.	.	.	.	.	.	.	.	.	.	.	.	.	.	1.0	230	22	39520689	.	T	C	1.0	.	NORMAL_Rep1.DP4=133,97,0,0;NORMAL_Rep2.DP4=128,84,0,0;NORMAL_Rep3.DP4=156,103,0,0;TUMOR_Rep1.DP4=650,468,1,0;TUMOR_Rep2.DP4=668,455,3,3;TUMOR_Rep3.DP4=614,454,0,0;
22	39521477	39521477	T	G	exonic	ATF4	.	nonsynonymous SNV	ATF4:NM_001675:exon1:c.T32G:p.V11G,ATF4:NM_182810:exon2:c.T32G:p.V11G	22q13.1	Score=0.967674;Name=chr17:76225664	.	.	.	.	.	.	.	.	.	.	.	.	0.002	D	0.454	P	0.084	B	0.061	N	1	D	1.7	L	0.79	T	-1.31	N	0.453	3.474	23.0	0.985	0.863	D	-0.897	T	0.121	T	0.628	0	4.65	0.991	1.058	0.996	1.000	14.063	.	.	.	.	.	.	.	1.0	264	22	39521477	.	T	G	1.0	.	NORMAL_Rep1.DP4=139,125,0,0;NORMAL_Rep2.DP4=161,149,0,0;NORMAL_Rep3.DP4=173,136,0,0;TUMOR_Rep1.DP4=653,555,2,1;TUMOR_Rep2.DP4=706,585,3,2;TUMOR_Rep3.DP4=683,585,4,3;
22	39522021	39522021	T	C	exonic	ATF4	.	nonsynonymous SNV	ATF4:NM_001675:exon2:c.T475C:p.F159L,ATF4:NM_182810:exon3:c.T475C:p.F159L	22q13.1	Score=0.967674;Name=chr17:76225664	.	.	.	.	.	.	.	.	.	.	.	.	0.365	T	0.651	P	0.15	B	0.005	N	1	N	2.24	M	1.1	T	-1.33	N	0.092	-0.590	0.132	0.973	0.137	N	-0.877	T	0.103	T	0.628	0	4.65	0.991	1.058	0.549	0.446	7.148	.	.	.	.	.	.	.	1.0	339	22	39522021	.	T	C	1.0	.	NORMAL_Rep1.DP4=146,193,0,0;NORMAL_Rep2.DP4=176,227,0,0;NORMAL_Rep3.DP4=163,195,0,0;TUMOR_Rep1.DP4=756,877,0,0;TUMOR_Rep2.DP4=786,948,0,0;TUMOR_Rep3.DP4=749,940,3,2;
22	39522029	39522029	A	T	exonic	ATF4	.	nonsynonymous SNV	ATF4:NM_001675:exon2:c.A483T:p.Q161H,ATF4:NM_182810:exon3:c.A483T:p.Q161H	22q13.1	Score=0.967674;Name=chr17:76225664	.	.	.	.	.	.	.	.	.	.	.	.	0.049	D	0.357	B	0.219	B	0.206	N	1	N	2.24	M	0.84	T	-1.64	N	0.116	-1.056	0.012	0.886	0.343	N	-0.928	T	0.140	T	0.628	0	-7.57	-0.298	-0.523	0.247	0.151	16.317	.	.	.	.	.	.	.	1.0	328	22	39522029	.	A	T	1.0	.	NORMAL_Rep1.DP4=146,182,0,0;NORMAL_Rep2.DP4=181,215,0,0;NORMAL_Rep3.DP4=165,182,0,0;TUMOR_Rep1.DP4=776,817,0,2;TUMOR_Rep2.DP4=799,863,0,5;TUMOR_Rep3.DP4=775,854,0,1;
22	39522100	39522100	A	C	exonic	ATF4	.	nonsynonymous SNV	ATF4:NM_001675:exon2:c.A554C:p.E185A,ATF4:NM_182810:exon3:c.A554C:p.E185A	22q13.1	Score=0.967674;Name=chr17:76225664	.	.	.	.	.	.	.	.	.	.	.	.	0.023	D	1.0	D	0.996	D	0.000	D	1	D	2.36	M	0.64	T	-4.07	D	0.879	3.325	22.9	0.996	0.994	D	-0.366	T	0.311	T	0.628	0	5.13	1.062	1.194	1.000	0.999	14.941	.	.	.	.	.	.	.	1.0	336	22	39522100	.	A	C	1.0	.	NORMAL_Rep1.DP4=170,166,0,0;NORMAL_Rep2.DP4=199,214,0,0;NORMAL_Rep3.DP4=181,174,0,0;TUMOR_Rep1.DP4=804,823,5,1;TUMOR_Rep2.DP4=847,842,1,0;TUMOR_Rep3.DP4=776,865,0,0;
22	39522119	39522119	A	C	exonic	ATF4	.	synonymous SNV	ATF4:NM_001675:exon2:c.A573C:p.G191G,ATF4:NM_182810:exon3:c.A573C:p.G191G	22q13.1	Score=0.967674;Name=chr17:76225664	.	.	.	.	.	.	.	.	.	.	.	.	.	.	.	.	.	.	.	.	.	.	.	.	.	.	.	.	.	.	.	.	.	.	.	.	.	.	.	.	.	.	.	.	.	.	.	.	.	.	.	.	.	1.0	348	22	39522119	.	A	C	1.0	.	NORMAL_Rep1.DP4=176,172,0,0;NORMAL_Rep2.DP4=191,222,0,0;NORMAL_Rep3.DP4=178,184,0,0;TUMOR_Rep1.DP4=773,848,4,1;TUMOR_Rep2.DP4=784,882,2,0;TUMOR_Rep3.DP4=740,886,3,0;
22	39522348	39522348	A	C	exonic	ATF4	.	nonsynonymous SNV	ATF4:NM_001675:exon2:c.A802C:p.M268L,ATF4:NM_182810:exon3:c.A802C:p.M268L	22q13.1	Score=0.967674;Name=chr17:76225664	.	.	.	.	.	.	.	.	.	.	.	.	0.335	T	0.0	B	0.0	B	0.686	U	1	N	0.84	L	2.03	T	-0.46	N	0.04	-0.486	0.238	0.746	0.205	N	-0.957	T	0.034	T	0.628	0	-3.58	-1.227	-0.667	0.056	0.000	7.395	.	.	.	.	.	.	.	1.0	311	22	39522348	.	A	C	1.0	.	NORMAL_Rep1.DP4=126,185,0,0;NORMAL_Rep2.DP4=158,206,0,0;NORMAL_Rep3.DP4=149,179,0,0;TUMOR_Rep1.DP4=796,897,5,0;TUMOR_Rep2.DP4=793,917,2,0;TUMOR_Rep3.DP4=792,930,1,1;
22	39522613	39522613	T	C	UTR3	ATF4	NM_001675:c.*11T>C;NM_182810:c.*11T>C	.	.	22q13.1	Score=0.967674;Name=chr17:76225664	.	.	.	.	.	.	.	.	.	.	.	.	.	.	.	.	.	.	.	.	.	.	.	.	.	.	.	.	.	.	.	.	.	.	.	.	.	.	.	.	.	.	.	.	.	.	.	.	.	.	.	.	.	1.0	153	22	39522613	.	T	C	1.0	.	NORMAL_Rep1.DP4=50,103,0,0;NORMAL_Rep2.DP4=43,100,0,0;NORMAL_Rep3.DP4=55,89,0,0;TUMOR_Rep1.DP4=262,407,0,1;TUMOR_Rep2.DP4=272,455,0,5;TUMOR_Rep3.DP4=290,392,0,3;
22	41255772	41255772	G	A	intronic	RANGAP1	.	.	.	22q13.2	.	.	.	.	.	.	.	.	.	.	.	.	rs775528147	.	.	.	.	.	.	.	.	.	.	.	.	.	.	.	.	.	.	.	.	.	.	.	.	.	.	.	.	.	.	.	.	.	.	.	.	.	.	.	.	.	1.0	4	22	41255772	.	G	A	1.0	.	NORMAL_Rep1.DP4=2,2,0,0;NORMAL_Rep2.DP4=0,0,0,0;NORMAL_Rep3.DP4=0,0,0,0;TUMOR_Rep1.DP4=1,0,0,0;TUMOR_Rep2.DP4=0,0,0,0;TUMOR_Rep3.DP4=3,1,3,3;
22	41301617	41301617	C	T	UTR5	ZC3H7B	NM_017590:c.-19044C>T	.	.	22q13.2	.	.	.	.	.	.	.	.	.	.	.	.	.	.	.	.	.	.	.	.	.	.	.	.	.	.	.	.	.	.	.	.	.	.	.	.	.	.	.	.	.	.	.	.	.	.	.	.	.	.	.	.	.	.	1.0	14	22	41301617	.	C	T	1.0	.	NORMAL_Rep1.DP4=9,5,0,0;NORMAL_Rep2.DP4=7,3,0,0;NORMAL_Rep3.DP4=11,4,0,0;TUMOR_Rep1.DP4=16,3,4,3;TUMOR_Rep2.DP4=12,1,3,1;TUMOR_Rep3.DP4=10,3,5,2;
22	41524891	41524891	G	C	exonic	ACO2	.	nonsynonymous SNV	ACO2:NM_001098:exon13:c.G1528C:p.E510Q	22q13.2	.	.	.	.	.	.	.	.	.	.	.	.	.	0.028	D	0.212	B	0.04	B	0.000	D	1	D	2.28	M	-1.15	T	-0.57	N	0.561	4.170	23.8	0.994	0.986	D	-0.239	T	0.442	T	0.675	0	5.64	0.917	1.045	0.999	0.884	20.063	ID=COSM24360;OCCURENCE=1(breast)	.	.	.	.	.	.	1.0	214	22	41524891	.	G	C	1.0	.	NORMAL_Rep1.DP4=88,126,0,0;NORMAL_Rep2.DP4=111,142,0,0;NORMAL_Rep3.DP4=110,142,0,0;TUMOR_Rep1.DP4=43,53,4,8;TUMOR_Rep2.DP4=39,69,10,16;TUMOR_Rep3.DP4=42,66,16,22;
22	41663765	41663765	C	T	exonic	XRCC6	.	synonymous SNV	XRCC6:NM_001288978:exon12:c.C1630T:p.L544L,XRCC6:NM_001288976:exon13:c.C1780T:p.L594L,XRCC6:NM_001288977:exon13:c.C1657T:p.L553L,XRCC6:NM_001469:exon13:c.C1780T:p.L594L	22q13.2	.	.	.	.	.	.	.	.	.	.	.	.	.	.	.	.	.	.	.	.	.	.	.	.	.	.	.	.	.	.	.	.	.	.	.	.	.	.	.	.	.	.	.	.	.	.	.	.	.	.	.	.	.	.	1.0	496	22	41663765	.	C	T	1.0	.	NORMAL_Rep1.DP4=227,269,0,0;NORMAL_Rep2.DP4=216,260,0,0;NORMAL_Rep3.DP4=224,279,0,0;TUMOR_Rep1.DP4=368,396,2,3;TUMOR_Rep2.DP4=369,415,0,0;TUMOR_Rep3.DP4=363,414,0,1;
22	42086187	42086187	G	A	exonic	NDUFA6	.	nonsynonymous SNV	NDUFA6:NM_002490:exon3:c.C383T:p.P128L	22q13.2	.	.	.	.	.	.	.	.	.	.	.	.	.	0.0	D	0.986	D	0.797	P	0.000	D	1	D	2.175	M	-0.88	T	-1.33	N	0.773	6.244	28.9	0.999	0.972	D	0.059	D	0.540	D	0.742	0	6.17	0.917	1.048	0.942	0.948	20.474	.	.	.	.	.	.	.	1.0	270	22	42086187	.	G	A	1.0	.	NORMAL_Rep1.DP4=165,105,0,0;NORMAL_Rep2.DP4=203,81,0,0;NORMAL_Rep3.DP4=189,110,0,0;TUMOR_Rep1.DP4=207,138,0,0;TUMOR_Rep2.DP4=208,129,0,0;TUMOR_Rep3.DP4=181,120,2,3;
22	42835384	42835384	G	A	exonic	ARFGAP3	.	nonsynonymous SNV	ARFGAP3:NM_014570:exon4:c.C371T:p.A124V	22q13.2	.	.	.	.	.	.	.	.	.	.	.	.	.	0.001	D	1.0	D	0.996	D	0.000	D	1	D	1.85	L	3.31	T	-3.37	D	0.456	5.577	26.4	0.999	0.988	D	-1.206	T	0.057	T	0.737	0	5.21	0.917	1.048	0.822	0.371	18.510	.	.	.	.	.	.	.	1.0	95	22	42835384	.	G	A	1.0	.	NORMAL_Rep1.DP4=48,47,0,0;NORMAL_Rep2.DP4=54,43,0,0;NORMAL_Rep3.DP4=53,38,0,0;TUMOR_Rep1.DP4=46,49,4,4;TUMOR_Rep2.DP4=55,46,1,1;TUMOR_Rep3.DP4=50,43,2,2;
22	43161091	43161091	C	T	exonic	TSPO	.	synonymous SNV	TSPO:NM_000714:exon3:c.C222T:p.F74F,TSPO:NM_001256530:exon3:c.C222T:p.F74F,TSPO:NM_001256531:exon3:c.C222T:p.F74F	22q13.2	.	.	.	.	.	.	.	.	.	.	.	.	.	.	.	.	.	.	.	.	.	.	.	.	.	.	.	.	.	.	.	.	.	.	.	.	.	.	.	.	.	.	.	.	.	.	.	.	.	.	.	.	.	.	1.0	158	22	43161091	.	C	T	1.0	.	NORMAL_Rep1.DP4=70,88,0,0;NORMAL_Rep2.DP4=77,80,0,0;NORMAL_Rep3.DP4=84,84,0,0;TUMOR_Rep1.DP4=306,351,1,0;TUMOR_Rep2.DP4=331,319,2,3;TUMOR_Rep3.DP4=331,305,0,0;
22	46350384	46350384	C	T	exonic	TRMU	.	nonsynonymous SNV	TRMU:NM_001282782:exon4:c.C230T:p.P77L,TRMU:NM_001282783:exon4:c.C152T:p.P51L,TRMU:NM_001282784:exon4:c.C152T:p.P51L,TRMU:NM_001282785:exon5:c.C572T:p.P191L,TRMU:NM_018006:exon5:c.C572T:p.P191L	22q13.31	.	.	.	.	8.256e-06	0	0	0	0	1.502e-05	0	0	rs764759499	0.0	D	1.0	D	1.0	D	0.000	D	1	D	4.475	H	-2.78	D	-9.57	D	0.924	5.709	26.8	0.998	0.984	D	1.105	D	0.922	D	0.719	0	4.92	0.871	0.807	0.992	0.998	17.745	.	.	.	.	.	.	.	1.0	35	22	46350384	.	C	T	1.0	.	NORMAL_Rep1.DP4=19,16,0,0;NORMAL_Rep2.DP4=16,12,0,0;NORMAL_Rep3.DP4=25,20,0,0;TUMOR_Rep1.DP4=27,18,0,0;TUMOR_Rep2.DP4=20,23,3,2;TUMOR_Rep3.DP4=23,20,0,0;
22	46677920	46677920	T	C	UTR3	GRAMD4	NM_015124:c.*669T>C	.	.	22q13.31	.	.	.	.	.	.	.	.	.	.	.	.	.	.	.	.	.	.	.	.	.	.	.	.	.	.	.	.	.	.	.	.	.	.	.	.	.	.	.	.	.	.	.	.	.	.	.	.	.	.	.	.	.	.	1.0	19	22	46677920	.	T	C	1.0	.	NORMAL_Rep1.DP4=12,7,0,0;NORMAL_Rep2.DP4=15,9,0,0;NORMAL_Rep3.DP4=10,7,0,0;TUMOR_Rep1.DP4=8,6,0,0;TUMOR_Rep2.DP4=8,7,1,1;TUMOR_Rep3.DP4=15,16,3,3;
22	50243801	50243801	T	C	exonic	TUBGCP6	.	nonsynonymous SNV	TUBGCP6:NM_020461:exon1:c.A659G:p.H220R	22q13.33	.	.	.	.	.	.	.	.	.	.	.	.	.	0.0	D	1.0	D	0.999	D	0.000	N	1.000	D	2.175	M	1.49	T	-5.45	D	0.602	4.804	24.8	0.997	0.928	D	-0.669	T	0.208	T	0.733	0	4.17	0.991	0.884	0.998	0.995	13.040	.	.	.	.	.	.	.	1.0	24	22	50243801	.	T	C	1.0	.	NORMAL_Rep1.DP4=17,7,0,0;NORMAL_Rep2.DP4=23,15,0,0;NORMAL_Rep3.DP4=18,19,0,0;TUMOR_Rep1.DP4=5,2,13,9;TUMOR_Rep2.DP4=7,5,13,12;TUMOR_Rep3.DP4=4,2,21,11;
22	50289099	50289099	T	A	exonic	PLXNB2	.	nonsynonymous SNV	PLXNB2:NM_001376869:exon3:c.A1112T:p.Y371F,PLXNB2:NM_001376875:exon3:c.A1112T:p.Y371F,PLXNB2:NM_001376878:exon3:c.A1112T:p.Y371F,PLXNB2:NM_001376884:exon3:c.A1112T:p.Y371F,PLXNB2:NM_001376864:exon4:c.A1112T:p.Y371F,PLXNB2:NM_001376865:exon4:c.A1112T:p.Y371F,PLXNB2:NM_001376866:exon4:c.A1112T:p.Y371F,PLXNB2:NM_001376870:exon4:c.A1112T:p.Y371F,PLXNB2:NM_001376871:exon4:c.A1112T:p.Y371F,PLXNB2:NM_001376880:exon4:c.A1112T:p.Y371F,PLXNB2:NM_001376882:exon4:c.A1112T:p.Y371F,PLXNB2:NM_001376883:exon4:c.A1112T:p.Y371F,PLXNB2:NM_001376885:exon4:c.A1112T:p.Y371F,PLXNB2:NM_012401:exon4:c.A1112T:p.Y371F,PLXNB2:NM_001376867:exon5:c.A1112T:p.Y371F,PLXNB2:NM_001376868:exon5:c.A1112T:p.Y371F,PLXNB2:NM_001376873:exon5:c.A1112T:p.Y371F,PLXNB2:NM_001376874:exon5:c.A1112T:p.Y371F,PLXNB2:NM_001376876:exon5:c.A1112T:p.Y371F,PLXNB2:NM_001376877:exon5:c.A1112T:p.Y371F,PLXNB2:NM_001376881:exon5:c.A1112T:p.Y371F,PLXNB2:NM_001376886:exon5:c.A1112T:p.Y371F,PLXNB2:NM_001376872:exon6:c.A1112T:p.Y371F,PLXNB2:NM_001376879:exon6:c.A1112T:p.Y371F	22q13.33	.	.	.	.	.	.	.	.	.	.	.	.	.	1.0	T	0.99	D	0.845	P	0.000	D	0.993	D	1.95	M	3.57	T	-0.85	N	0.508	5.544	26.4	0.980	0.974	D	-1.075	T	0.053	T	0.672	0	4.58	0.991	0.948	0.996	0.972	14.109	.	.	.	.	.	.	.	1.0	130	22	50289099	.	T	A	1.0	.	NORMAL_Rep1.DP4=75,55,0,0;NORMAL_Rep2.DP4=65,45,0,0;NORMAL_Rep3.DP4=65,49,0,0;TUMOR_Rep1.DP4=38,35,0,0;TUMOR_Rep2.DP4=38,28,0,0;TUMOR_Rep3.DP4=40,32,3,3;
22	50460629	50460629	C	G	exonic	SBF1	.	synonymous SNV	SBF1:NM_001365819:exon24:c.G3054C:p.P1018P,SBF1:NM_002972:exon24:c.G3051C:p.P1017P	22q13.33	.	.	.	.	.	.	.	.	.	.	.	.	.	.	.	.	.	.	.	.	.	.	.	.	.	.	.	.	.	.	.	.	.	.	.	.	.	.	.	.	.	.	.	.	.	.	.	.	.	.	.	.	.	.	1.0	104	22	50460629	.	C	G	1.0	.	NORMAL_Rep1.DP4=64,40,0,0;NORMAL_Rep2.DP4=59,59,0,0;NORMAL_Rep3.DP4=57,38,0,0;TUMOR_Rep1.DP4=59,41,14,8;TUMOR_Rep2.DP4=66,56,16,13;TUMOR_Rep3.DP4=57,42,10,7;
22	50506143	50506143	G	A	exonic	LMF2	.	synonymous SNV	LMF2:NM_001363816:exon5:c.C591T:p.V197V,LMF2:NM_033200:exon5:c.C666T:p.V222V	22q13.33	.	.	.	.	6.765e-05	0	0	0.0010	0	0	0	0	rs767223753	.	.	.	.	.	.	.	.	.	.	.	.	.	.	.	.	.	.	.	.	.	.	.	.	.	.	.	.	.	.	.	.	.	.	.	.	.	.	.	.	.	1.0	32	22	50506143	.	G	A	1.0	.	NORMAL_Rep1.DP4=16,16,0,0;NORMAL_Rep2.DP4=15,16,0,0;NORMAL_Rep3.DP4=8,6,0,0;TUMOR_Rep1.DP4=46,44,3,2;TUMOR_Rep2.DP4=34,36,0,0;TUMOR_Rep3.DP4=38,39,0,0;
